timestamp_utc,pid,rss_kb
2026-03-11T03:48:35Z,70369,1520
2026-03-11T03:48:37Z,70369,1520
2026-03-11T03:48:39Z,70369,1520
2026-03-11T03:48:41Z,70369,1520
2026-03-11T03:48:43Z,70369,1520
2026-03-11T03:48:45Z,70369,1520
2026-03-11T03:48:47Z,70369,1520
2026-03-11T03:48:50Z,70369,1520
2026-03-11T03:48:52Z,70369,1520
2026-03-11T03:48:54Z,70369,1600
2026-03-11T03:48:56Z,70369,1600
2026-03-11T03:48:58Z,70369,1600
2026-03-11T03:49:00Z,70369,1600
2026-03-11T03:49:02Z,70369,1600
2026-03-11T03:49:04Z,70369,1600
2026-03-11T03:49:06Z,70369,1600
2026-03-11T03:49:08Z,70369,1600
2026-03-11T03:49:10Z,70369,1600
2026-03-11T03:49:12Z,70369,1600
2026-03-11T03:49:14Z,70369,1600
2026-03-11T03:49:16Z,70369,1600
2026-03-11T03:49:18Z,70369,1600
2026-03-11T03:49:20Z,70369,1600
2026-03-11T03:49:22Z,70369,1600
2026-03-11T03:49:24Z,70369,1600
2026-03-11T03:49:26Z,70369,1600
2026-03-11T03:49:28Z,70369,1600
2026-03-11T03:49:30Z,70369,1600
2026-03-11T03:49:32Z,70369,1600
2026-03-11T03:49:34Z,70370,17280
2026-03-11T03:49:36Z,70370,17280
2026-03-11T03:49:38Z,70370,17280
2026-03-11T03:49:40Z,70370,17280
2026-03-11T03:49:43Z,70370,17280
2026-03-11T03:49:45Z,70370,17264
2026-03-11T03:49:47Z,70370,17264
2026-03-11T03:49:49Z,70370,17264
2026-03-11T03:49:51Z,70370,17264
2026-03-11T03:49:53Z,70370,17264
2026-03-11T03:49:55Z,70370,17264
2026-03-11T03:49:57Z,70370,17264
2026-03-11T03:49:59Z,70370,15168
2026-03-11T03:50:01Z,70370,15168
2026-03-11T03:50:03Z,70370,15168
2026-03-11T03:50:05Z,70370,15168
2026-03-11T03:50:07Z,70370,15168
2026-03-11T03:50:09Z,70370,15168
2026-03-11T03:50:11Z,70370,15168
2026-03-11T03:50:13Z,70370,15168
2026-03-11T03:50:15Z,70370,15168
2026-03-11T03:50:17Z,70370,15168
2026-03-11T03:50:19Z,70370,15168
2026-03-11T03:50:21Z,70370,15168
2026-03-11T03:50:23Z,70370,15168
2026-03-11T03:50:25Z,70370,15168
2026-03-11T03:50:27Z,70370,15168
2026-03-11T03:50:29Z,70370,15168
2026-03-11T03:50:31Z,70370,15168
2026-03-11T03:50:33Z,70370,15168
2026-03-11T03:50:36Z,70370,15168
2026-03-11T03:50:38Z,70370,15168
2026-03-11T03:50:40Z,70370,15168
2026-03-11T03:50:42Z,70370,15168
2026-03-11T03:50:44Z,70370,15168
2026-03-11T03:50:46Z,70370,15168
2026-03-11T03:50:48Z,70370,15168
2026-03-11T03:50:50Z,70370,15168
2026-03-11T03:50:52Z,70370,15168
2026-03-11T03:50:54Z,70370,15168
2026-03-11T03:50:56Z,70370,15168
2026-03-11T03:50:58Z,70370,15168
2026-03-11T03:51:00Z,70370,15168
2026-03-11T03:51:02Z,70370,15168
2026-03-11T03:51:04Z,70370,15168
2026-03-11T03:51:06Z,70370,15168
2026-03-11T03:51:08Z,70370,15168
2026-03-11T03:51:10Z,70370,15168
2026-03-11T03:51:12Z,70370,15168
2026-03-11T03:51:14Z,70370,15168
2026-03-11T03:51:16Z,70370,15168
2026-03-11T03:51:18Z,70370,15168
2026-03-11T03:51:20Z,70370,15168
2026-03-11T03:51:23Z,70370,15168
2026-03-11T03:51:25Z,70370,15168
2026-03-11T03:51:27Z,70370,15168
2026-03-11T03:51:29Z,70370,15168
2026-03-11T03:51:31Z,70370,15168
2026-03-11T03:51:33Z,70370,15168
2026-03-11T03:51:35Z,70370,15168
2026-03-11T03:51:37Z,70370,15200
2026-03-11T03:51:39Z,70370,15200
2026-03-11T03:51:41Z,70370,15200
2026-03-11T03:51:43Z,70370,15200
2026-03-11T03:51:45Z,70370,15200
2026-03-11T03:51:47Z,70370,15200
2026-03-11T03:51:49Z,70370,15200
2026-03-11T03:51:51Z,70370,15200
2026-03-11T03:51:53Z,70370,15200
2026-03-11T03:51:55Z,70370,15200
2026-03-11T03:51:57Z,70370,15200
2026-03-11T03:51:59Z,70370,15200
2026-03-11T03:52:01Z,70370,15200
2026-03-11T03:52:03Z,70370,15200
2026-03-11T03:52:05Z,70370,15200
2026-03-11T03:52:07Z,70370,15200
2026-03-11T03:52:09Z,70370,15200
2026-03-11T03:52:11Z,70370,15200
2026-03-11T03:52:14Z,70370,15200
2026-03-11T03:52:16Z,70370,15200
2026-03-11T03:52:18Z,70370,15200
2026-03-11T03:52:20Z,70370,15200
2026-03-11T03:52:22Z,70370,15200
2026-03-11T03:52:24Z,70370,15200
2026-03-11T03:52:26Z,70370,15200
2026-03-11T03:52:28Z,70370,14928
2026-03-11T03:52:30Z,70370,14928
2026-03-11T03:52:32Z,70370,14928
2026-03-11T03:52:34Z,70370,14928
2026-03-11T03:52:36Z,70370,14928
2026-03-11T03:52:38Z,70370,14928
2026-03-11T03:52:40Z,70370,14928
2026-03-11T03:52:42Z,70370,14928
2026-03-11T03:52:44Z,70370,14928
2026-03-11T03:52:46Z,70370,14928
2026-03-11T03:52:48Z,70370,14928
2026-03-11T03:52:50Z,70370,14928
2026-03-11T03:52:52Z,70370,14928
2026-03-11T03:52:54Z,70370,14928
2026-03-11T03:52:56Z,70370,14928
2026-03-11T03:52:58Z,70370,14928
2026-03-11T03:53:00Z,70370,14928
2026-03-11T03:53:02Z,70370,14928
2026-03-11T03:53:04Z,70370,14928
2026-03-11T03:53:07Z,70370,14928
2026-03-11T03:53:09Z,70370,14928
2026-03-11T03:53:11Z,70370,14928
2026-03-11T03:53:13Z,70370,14928
2026-03-11T03:53:15Z,70370,14928
2026-03-11T03:53:17Z,70370,14912
2026-03-11T03:53:19Z,70370,14912
2026-03-11T03:53:21Z,70370,14912
2026-03-11T03:53:23Z,70370,14912
2026-03-11T03:53:25Z,70370,14912
2026-03-11T03:53:27Z,70370,14912
2026-03-11T03:53:29Z,70370,14912
2026-03-11T03:53:31Z,70370,14912
2026-03-11T03:53:33Z,70370,14912
2026-03-11T03:53:35Z,70370,14912
2026-03-11T03:53:37Z,70370,14912
2026-03-11T03:53:39Z,70370,14912
2026-03-11T03:53:41Z,70370,14912
2026-03-11T03:53:43Z,70370,14912
2026-03-11T03:53:45Z,70370,14912
2026-03-11T03:53:47Z,70370,14912
2026-03-11T03:53:49Z,70370,14912
2026-03-11T03:53:51Z,70370,14912
2026-03-11T03:53:53Z,70370,14912
2026-03-11T03:53:55Z,70370,14912
2026-03-11T03:53:57Z,70370,14912
2026-03-11T03:53:59Z,70370,14912
2026-03-11T03:54:02Z,70370,14912
2026-03-11T03:54:04Z,70370,14912
2026-03-11T03:54:06Z,70370,14912
2026-03-11T03:54:08Z,70370,14912
2026-03-11T03:54:10Z,70370,14912
2026-03-11T03:54:12Z,70370,14912
2026-03-11T03:54:14Z,70370,9872
2026-03-11T03:54:16Z,70370,9872
2026-03-11T03:54:18Z,70370,9872
2026-03-11T03:54:20Z,70370,9872
2026-03-11T03:54:22Z,70370,9872
2026-03-11T03:54:24Z,70370,9872
2026-03-11T03:54:26Z,70370,9872
2026-03-11T03:54:28Z,70370,9872
2026-03-11T03:54:30Z,70370,9872
2026-03-11T03:54:32Z,70370,9872
2026-03-11T03:54:34Z,70370,9888
2026-03-11T03:54:36Z,70370,9888
2026-03-11T03:54:38Z,70370,10112
2026-03-11T03:54:40Z,70370,10112
2026-03-11T03:54:42Z,70370,10112
2026-03-11T03:54:44Z,70370,10112
2026-03-11T03:54:46Z,70370,10112
2026-03-11T03:54:48Z,70370,10112
2026-03-11T03:54:50Z,70370,10112
2026-03-11T03:54:52Z,70370,10112
2026-03-11T03:54:55Z,70370,10112
2026-03-11T03:54:57Z,70370,10112
2026-03-11T03:54:59Z,70370,10112
2026-03-11T03:55:01Z,70370,10112
2026-03-11T03:55:03Z,70370,10112
2026-03-11T03:55:05Z,70370,10112
2026-03-11T03:55:07Z,70370,10112
2026-03-11T03:55:09Z,70370,10112
2026-03-11T03:55:11Z,70370,10112
2026-03-11T03:55:13Z,70370,10112
2026-03-11T03:55:15Z,70370,10080
2026-03-11T03:55:17Z,70370,10080
2026-03-11T03:55:19Z,70370,10080
2026-03-11T03:55:21Z,70370,10080
2026-03-11T03:55:23Z,70370,10080
2026-03-11T03:55:25Z,70370,10080
2026-03-11T03:55:27Z,70370,10080
